<?xml version='1.0' encoding='UTF-8' standalone='yes' ?>
<data version="1.37.0">
  <condition type="flow_enabled">
    <useDefaultName>true</useDefaultName>
    <name>Flow Enabled: PHANToM IX Lite 5 (9.5.0)</name>
    <flowName>PHANToM IX Lite 5 (9.5.0)</flowName>
  </condition>
  <action type="clear_automagic_log">
    <useDefaultName>false</useDefaultName>
    <name>Clear PHANToM Log</name>
  </action>
  <action type="delete_flows">
    <useDefaultName>true</useDefaultName>
    <name>Delete Flows: PHANToM IX Lite 5 (9.5.0)</name>
    <flowNameList>PHANToM IX Lite 5 (9.5.0)</flowNameList>
    <deleteUnusedObjects>false</deleteUnusedObjects>
  </action>
  <action type="delete_flows">
    <useDefaultName>true</useDefaultName>
    <name>Delete Flows: Verification_PHANToM</name>
    <flowNameList>Verification_PHANToM</flowNameList>
    <deleteUnusedObjects>true</deleteUnusedObjects>
  </action>
  <action type="script">
    <useDefaultName>false</useDefaultName>
    <name>Missing Passp</name>
    <script>global_PHANToM_API1 = 0;
global_PHANToM_API2 = 0;
global_PHANToM_API3 = 0;
global_PHANToM_API4 = 0;
global_tc_c = 5;
global_PHANToM_Key = 0;</script>
  </action>
  <action type="script">
    <useDefaultName>true</useDefaultName>
    <name>Script: global_verification = 0; global_tc_c = 0;</name>
    <script>global_verification = 0;
global_tc_c = 0;</script>
  </action>
  <flow type="flow">
    <name>Verification_PHANToM</name>
    <description>PHANToM</description>
    <group>1.2</group>
    <enabled>false</enabled>
    <executionPolicy>PARALLEL</executionPolicy>
    <triggercontainer id="t1" x="-70.0" y="367.5" />
    <actioncontainer id="t2" x="-70.0" y="682.5">Clear PHANToM Log</actioncontainer>
    <actioncontainer id="t3" x="-70.0" y="577.5">Missing Passp</actioncontainer>
    <conditioncontainer id="t4" x="70.0" y="472.5">Flow Enabled: PHANToM IX Lite 5 (9.5.0)</conditioncontainer>
    <actioncontainer id="t5" x="-70.0" y="472.5">Delete Flows: PHANToM IX Lite 5 (9.5.0)</actioncontainer>
    <actioncontainer id="t6" x="70.0" y="577.5">Clear PHANToM Log</actioncontainer>
    <actioncontainer id="t7" x="70.0" y="682.5">Delete Flows: Verification_PHANToM</actioncontainer>
    <actioncontainer id="t8" x="70.0" y="367.5">Script: global_verification = 0; global_tc_c = 0;</actioncontainer>
    <connection from="t1" to="t8" type="NORMAL" sourcePosition="EAST" targetPosition="WEST" />
    <connection from="t3" to="t6" type="NORMAL" sourcePosition="EAST" targetPosition="WEST" />
    <connection from="t3" to="t2" type="NORMAL" sourcePosition="SOUTH" targetPosition="NORTH" />
    <connection from="t4" to="t5" type="EXCEPTION" sourcePosition="WEST" targetPosition="EAST" />
    <connection from="t4" to="t6" type="TRUE" sourcePosition="SOUTH" targetPosition="NORTH" />
    <connection from="t4" to="t6" type="FALSE" sourcePosition="SOUTH" targetPosition="NORTH" />
    <connection from="t5" to="t3" type="EXCEPTION" sourcePosition="SOUTH" targetPosition="NORTH" />
    <connection from="t5" to="t3" type="NORMAL" sourcePosition="SOUTH" targetPosition="NORTH" />
    <connection from="t6" to="t7" type="NORMAL" sourcePosition="SOUTH" targetPosition="NORTH" />
    <connection from="t8" to="t4" type="NORMAL" sourcePosition="SOUTH" targetPosition="NORTH" />
  </flow>
</data>