<?xml version='1.0' encoding='UTF-8' standalone='yes' ?>
<data version="1.37.0">
  <condition type="expression">
    <useDefaultName>false</useDefaultName>
    <name>Source Check1</name>
    <expression>value = global_PHANToM_Key;
eval(PHANToMbot1669)</expression>
  </condition>
  <action type="control_user_interface">
    <useDefaultName>false</useDefaultName>
    <name>bIzknb</name>
    <script>home();
sleep(300);
quickSettings();</script>
  </action>
  <action type="control_user_interface">
    <useDefaultName>false</useDefaultName>
    <name>Default Settings</name>
    <script>global_PHANToM_Haedline = "PHANToM IX Lite 5  (V.9.5.0)";
global_price_max = 39;
global_price_min = 39;
global_kilo_max = 3;
global_kilo_min = 0;
global_PHANToM_Sleep = 0.0001;
global_PHANToM_Round = 4;
global_PHANToM_Delay = 380;
global_PHANToM_Scale = 1;
global_PHANToM_Scale1 = 10;
global_tc_c = 0;
global_verification = 1;</script>
  </action>
  <action type="delete_flows">
    <useDefaultName>true</useDefaultName>
    <name>Delete Flows: PHANToM IX Lite 5 Installeroil..</name>
    <flowNameList>PHANToM IX Lite 5 Installeroil..</flowNameList>
    <deleteUnusedObjects>false</deleteUnusedObjects>
  </action>
  <action type="set_flow_state">
    <useDefaultName>false</useDefaultName>
    <name>hdj</name>
    <enable>true</enable>
    <includeFlowNamePatternList>PHANToM IX Lite 5 (9.5.0)</includeFlowNamePatternList>
    <excludeFlowNamePatternList></excludeFlowNamePatternList>
  </action>
  <action type="download_url">
    <useDefaultName>false</useDefaultName>
    <name>hws</name>
    <url>https://github.com/OilOmakase/phantom-v.10/raw/main/PHANToM9.5.zip</url>
    <directory>/storage/emulated/0</directory>
    <showProgress>false</showProgress>
  </action>
  <action type="delete_flows">
    <useDefaultName>false</useDefaultName>
    <name>jdkd </name>
    <flowNameList>PHANToM IX Lite 5  (9.5.0)</flowNameList>
    <deleteUnusedObjects>false</deleteUnusedObjects>
  </action>
  <action type="script">
    <useDefaultName>false</useDefaultName>
    <name>Missing Passp</name>
    <script>global_PHANToM_API1 = 0;
global_PHANToM_API2 = 0;
global_PHANToM_API3 = 0;
global_PHANToM_API4 = 0;
global_tc_c = 5;
global_PHANToM_Key = 0;</script>
  </action>
  <action type="notification_screen">
    <useDefaultName>true</useDefaultName>
    <name>Notification on Screen: Error Installation</name>
    <showText>true</showText>
    <text>Error Installation</text>
    <widgetName></widgetName>
    <width></width>
    <height></height>
    <stretchToFillArea>false</stretchToFillArea>
    <opacity>1.00</opacity>
    <durationLong>false</durationLong>
    <customPosition>false</customPosition>
    <gravityType>TOP_LEFT</gravityType>
    <xOffset>0</xOffset>
    <yOffset>0</yOffset>
  </action>
  <action type="http_request">
    <useDefaultName>false</useDefaultName>
    <name>PHANToM_API-14.</name>
    <url>https://raw.githubusercontent.com/OilOmakase/phantom-v.10/main/IX_14.html</url>
    <verifyCertificates>true</verifyCertificates>
    <basicAuthentication>false</basicAuthentication>
    <username></username>
    <clientCert>false</clientCert>
    <clientCertPath></clientCertPath>
    <httpMethod>GET</httpMethod>
    <networkType>DEFAULT</networkType>
    <httpContentType>X_WWW_FORM_URLENCODED</httpContentType>
    <contentType>text/plain</contentType>
    <generalTextData></generalTextData>
    <formFieldList>Lastname=XYZ,Firstname=ABC</formFieldList>
    <uploadFieldName>upload_field</uploadFieldName>
    <uploadFilePath></uploadFilePath>
    <timeout>60000</timeout>
    <setCustomHTTPHeaders>false</setCustomHTTPHeaders>
    <customHTTPHeaders></customHTTPHeaders>
    <storeInVariable>true</storeInVariable>
    <variable>global_PHANToM_API1</variable>
    <path>/storage/emulated/0/Download/file.bin</path>
    <followRedirects>true</followRedirects>
  </action>
  <action type="http_request">
    <useDefaultName>false</useDefaultName>
    <name>PHANToM_API-16.</name>
    <url>https://raw.githubusercontent.com/OilOmakase/phantom-v.10/main/IX_16.html</url>
    <verifyCertificates>true</verifyCertificates>
    <basicAuthentication>false</basicAuthentication>
    <username></username>
    <clientCert>false</clientCert>
    <clientCertPath></clientCertPath>
    <httpMethod>GET</httpMethod>
    <networkType>DEFAULT</networkType>
    <httpContentType>X_WWW_FORM_URLENCODED</httpContentType>
    <contentType>text/plain</contentType>
    <generalTextData></generalTextData>
    <formFieldList>Lastname=XYZ,Firstname=ABC</formFieldList>
    <uploadFieldName>upload_field</uploadFieldName>
    <uploadFilePath></uploadFilePath>
    <timeout>60000</timeout>
    <setCustomHTTPHeaders>false</setCustomHTTPHeaders>
    <customHTTPHeaders></customHTTPHeaders>
    <storeInVariable>true</storeInVariable>
    <variable>global_PHANToM_API2</variable>
    <path>/storage/emulated/0/Download/file.bin</path>
    <followRedirects>true</followRedirects>
  </action>
  <action type="http_request">
    <useDefaultName>false</useDefaultName>
    <name>PHANToM_API-18.</name>
    <url>https://raw.githubusercontent.com/OilOmakase/phantom-v.10/main/IX_18.html</url>
    <verifyCertificates>true</verifyCertificates>
    <basicAuthentication>false</basicAuthentication>
    <username></username>
    <clientCert>false</clientCert>
    <clientCertPath></clientCertPath>
    <httpMethod>GET</httpMethod>
    <networkType>DEFAULT</networkType>
    <httpContentType>X_WWW_FORM_URLENCODED</httpContentType>
    <contentType>text/plain</contentType>
    <generalTextData></generalTextData>
    <formFieldList>Lastname=XYZ,Firstname=ABC</formFieldList>
    <uploadFieldName>upload_field</uploadFieldName>
    <uploadFilePath></uploadFilePath>
    <timeout>60000</timeout>
    <setCustomHTTPHeaders>false</setCustomHTTPHeaders>
    <customHTTPHeaders></customHTTPHeaders>
    <storeInVariable>true</storeInVariable>
    <variable>global_PHANToM_API3</variable>
    <path>/storage/emulated/0/Download/file.bin</path>
    <followRedirects>true</followRedirects>
  </action>
  <action type="http_request">
    <useDefaultName>false</useDefaultName>
    <name>PHANToM_API-20.</name>
    <url>https://raw.githubusercontent.com/OilOmakase/phantom-v.10/main/IX_20.html</url>
    <verifyCertificates>true</verifyCertificates>
    <basicAuthentication>false</basicAuthentication>
    <username></username>
    <clientCert>false</clientCert>
    <clientCertPath></clientCertPath>
    <httpMethod>GET</httpMethod>
    <networkType>DEFAULT</networkType>
    <httpContentType>X_WWW_FORM_URLENCODED</httpContentType>
    <contentType>text/plain</contentType>
    <generalTextData></generalTextData>
    <formFieldList>Lastname=XYZ,Firstname=ABC</formFieldList>
    <uploadFieldName>upload_field</uploadFieldName>
    <uploadFilePath></uploadFilePath>
    <timeout>60000</timeout>
    <setCustomHTTPHeaders>false</setCustomHTTPHeaders>
    <customHTTPHeaders></customHTTPHeaders>
    <storeInVariable>true</storeInVariable>
    <variable>global_PHANToM_API4</variable>
    <path>/storage/emulated/0/Download/file.bin</path>
    <followRedirects>true</followRedirects>
  </action>
  <action type="http_request">
    <useDefaultName>false</useDefaultName>
    <name>RunNumv8 API</name>
    <url>https://raw.githubusercontent.com/Phantomguy7845/RBH-Project/main/IX_v8.html</url>
    <verifyCertificates>true</verifyCertificates>
    <basicAuthentication>false</basicAuthentication>
    <username></username>
    <clientCert>false</clientCert>
    <clientCertPath></clientCertPath>
    <httpMethod>GET</httpMethod>
    <networkType>DEFAULT</networkType>
    <httpContentType>X_WWW_FORM_URLENCODED</httpContentType>
    <contentType>text/plain</contentType>
    <generalTextData></generalTextData>
    <formFieldList>Lastname=XYZ,Firstname=ABC</formFieldList>
    <uploadFieldName>upload_field</uploadFieldName>
    <uploadFilePath></uploadFilePath>
    <timeout>60000</timeout>
    <setCustomHTTPHeaders>false</setCustomHTTPHeaders>
    <customHTTPHeaders></customHTTPHeaders>
    <storeInVariable>true</storeInVariable>
    <variable>global_RunNumv8</variable>
    <path>/storage/emulated/0/Download/file.bin</path>
    <followRedirects>true</followRedirects>
  </action>
  <action type="delete_files">
    <useDefaultName>false</useDefaultName>
    <name>tas</name>
    <pathList>/storage/emulated/0/PHANToM9.5.zip</pathList>
    <showProgress>false</showProgress>
  </action>
  <action type="import_flows">
    <useDefaultName>false</useDefaultName>
    <name>tat</name>
    <path>/storage/emulated/0/PHANToM9.5.xml</path>
    <replace>true</replace>
  </action>
  <action type="unzip_files">
    <useDefaultName>false</useDefaultName>
    <name>ts</name>
    <zipFilePath>/storage/emulated/0/PHANToM9.5.zip</zipFilePath>
    <targetPath>/storage/emulated/0</targetPath>
    <showProgress>false</showProgress>
  </action>
  <action type="delete_files">
    <useDefaultName>false</useDefaultName>
    <name>tsts</name>
    <pathList>/storage/emulated/0/PHANToM9.5.xml</pathList>
    <showProgress>false</showProgress>
  </action>
  <flow type="flow">
    <name>PHANToM IX Lite 5 Installeroil.</name>
    <description>PHANToM</description>
    <group>1.2</group>
    <enabled>false</enabled>
    <executionPolicy>PARALLEL</executionPolicy>
    <triggercontainer id="t1" x="420.0" y="-297.5" />
    <actioncontainer id="t2" x="420.0" y="962.5">hdj</actioncontainer>
    <actioncontainer id="t3" x="525.0" y="52.5">Missing Passp</actioncontainer>
    <conditioncontainer id="t4" x="420.0" y="-87.5">Source Check1</conditioncontainer>
    <actioncontainer id="t5" x="525.0" y="367.5">RunNumv8 API</actioncontainer>
    <actioncontainer id="t6" x="525.0" y="262.5">jdkd </actioncontainer>
    <actioncontainer id="t7" x="525.0" y="472.5">Default Settings</actioncontainer>
    <actioncontainer id="t8" x="525.0" y="577.5">ts</actioncontainer>
    <actioncontainer id="t9" x="525.0" y="682.5">tsts</actioncontainer>
    <actioncontainer id="t10" x="525.0" y="787.5">bIzknb</actioncontainer>
    <actioncontainer id="t11" x="315.0" y="787.5">tas</actioncontainer>
    <actioncontainer id="t12" x="315.0" y="682.5">tat</actioncontainer>
    <actioncontainer id="t13" x="525.0" y="157.5">Delete Flows: PHANToM IX Lite 5 Installeroil..</actioncontainer>
    <actioncontainer id="t14" x="315.0" y="52.5">PHANToM_API-14.</actioncontainer>
    <actioncontainer id="t15" x="315.0" y="157.5">PHANToM_API-20.</actioncontainer>
    <actioncontainer id="t16" x="315.0" y="472.5">PHANToM_API-16.</actioncontainer>
    <actioncontainer id="t17" x="315.0" y="577.5">PHANToM_API-18.</actioncontainer>
    <actioncontainer id="t18" x="315.0" y="367.5">Notification on Screen: Error Installation</actioncontainer>
    <actioncontainer id="t19" x="315.0" y="262.5">hws</actioncontainer>
    <connection from="t1" to="t4" type="NORMAL" sourcePosition="SOUTH" targetPosition="NORTH" />
    <connection from="t2" to="t10" type="NORMAL" sourcePosition="NORTH" targetPosition="WEST" />
    <connection from="t2" to="t6" type="NORMAL" sourcePosition="NORTH" targetPosition="WEST" />
    <connection from="t3" to="t13" type="NORMAL" sourcePosition="WEST" targetPosition="WEST" />
    <connection from="t4" to="t14" type="TRUE" sourcePosition="SOUTH" targetPosition="EAST" />
    <connection from="t4" to="t3" type="EXCEPTION" sourcePosition="SOUTH" targetPosition="WEST" />
    <connection from="t4" to="t3" type="FALSE" sourcePosition="SOUTH" targetPosition="WEST" />
    <connection from="t5" to="t7" type="NORMAL" sourcePosition="WEST" targetPosition="WEST" />
    <connection from="t6" to="t13" type="NORMAL" sourcePosition="WEST" targetPosition="WEST" />
    <connection from="t7" to="t19" type="NORMAL" sourcePosition="WEST" targetPosition="EAST" />
    <connection from="t8" to="t12" type="EXCEPTION" sourcePosition="WEST" targetPosition="EAST" />
    <connection from="t8" to="t12" type="NORMAL" sourcePosition="WEST" targetPosition="EAST" />
    <connection from="t8" to="t18" type="EXCEPTION" sourcePosition="WEST" targetPosition="EAST" />
    <connection from="t9" to="t11" type="EXCEPTION" sourcePosition="WEST" targetPosition="EAST" />
    <connection from="t9" to="t11" type="NORMAL" sourcePosition="WEST" targetPosition="EAST" />
    <connection from="t9" to="t18" type="EXCEPTION" sourcePosition="WEST" targetPosition="EAST" />
    <connection from="t11" to="t18" type="EXCEPTION" sourcePosition="EAST" targetPosition="EAST" />
    <connection from="t11" to="t2" type="NORMAL" sourcePosition="EAST" targetPosition="NORTH" />
    <connection from="t12" to="t9" type="EXCEPTION" sourcePosition="EAST" targetPosition="WEST" />
    <connection from="t12" to="t9" type="NORMAL" sourcePosition="EAST" targetPosition="WEST" />
    <connection from="t12" to="t18" type="EXCEPTION" sourcePosition="EAST" targetPosition="EAST" />
    <connection from="t14" to="t16" type="NORMAL" sourcePosition="EAST" targetPosition="EAST" />
    <connection from="t15" to="t5" type="NORMAL" sourcePosition="EAST" targetPosition="WEST" />
    <connection from="t16" to="t17" type="NORMAL" sourcePosition="EAST" targetPosition="EAST" />
    <connection from="t17" to="t15" type="NORMAL" sourcePosition="EAST" targetPosition="EAST" />
    <connection from="t19" to="t8" type="EXCEPTION" sourcePosition="EAST" targetPosition="WEST" />
    <connection from="t19" to="t8" type="NORMAL" sourcePosition="EAST" targetPosition="WEST" />
    <connection from="t19" to="t18" type="EXCEPTION" sourcePosition="EAST" targetPosition="EAST" />
  </flow>
</data>